{
  "last_node_id": 33,
  "last_link_id": 78,
  "nodes": [
    {
      "id": 8,
      "type": "VAEDecode",
      "pos": [
        1260,
        190
      ],
      "size": {
        "0": 210,
        "1": 46
      },
      "flags": {},
      "order": 8,
      "mode": 0,
      "inputs": [
        {
          "name": "samples",
          "type": "LATENT",
          "link": 7
        },
        {
          "name": "vae",
          "type": "VAE",
          "link": 8
        }
      ],
      "outputs": [
        {
          "name": "IMAGE",
          "type": "IMAGE",
          "links": [
            9
          ],
          "slot_index": 0
        }
      ],
      "properties": {
        "Node name for S&R": "VAEDecode"
      }
    },
    {
      "id": 6,
      "type": "CLIPTextEncode",
      "pos": [
        434,
        190
      ],
      "size": {
        "0": 407.8851318359375,
        "1": 84.13611602783203
      },
      "flags": {},
      "order": 4,
      "mode": 0,
      "inputs": [
        {
          "name": "clip",
          "type": "CLIP",
          "link": 3
        }
      ],
      "outputs": [
        {
          "name": "CONDITIONING",
          "type": "CONDITIONING",
          "links": [
            4
          ],
          "slot_index": 0
        }
      ],
      "properties": {
        "Node name for S&R": "CLIPTextEncode"
      },
      "widgets_values": [
        "masterpiece best quality, 1girl"
      ]
    },
    {
      "id": 7,
      "type": "CLIPTextEncode",
      "pos": [
        440,
        320
      ],
      "size": {
        "0": 421.13385009765625,
        "1": 108.7844009399414
      },
      "flags": {},
      "order": 5,
      "mode": 0,
      "inputs": [
        {
          "name": "clip",
          "type": "CLIP",
          "link": 5
        }
      ],
      "outputs": [
        {
          "name": "CONDITIONING",
          "type": "CONDITIONING",
          "links": [
            6
          ],
          "slot_index": 0
        }
      ],
      "properties": {
        "Node name for S&R": "CLIPTextEncode"
      },
      "widgets_values": [
        "low quality,jpeg artifacts,signature,watermark,username,blurry,missing fingers,missing arms,Humpbacked,shadow\n"
      ]
    },
    {
      "id": 4,
      "type": "CheckpointLoaderSimple",
      "pos": [
        32,
        188
      ],
      "size": {
        "0": 315,
        "1": 98
      },
      "flags": {},
      "order": 0,
      "mode": 0,
      "outputs": [
        {
          "name": "MODEL",
          "type": "MODEL",
          "links": [
            75
          ],
          "slot_index": 0
        },
        {
          "name": "CLIP",
          "type": "CLIP",
          "links": [
            3,
            5
          ],
          "slot_index": 1
        },
        {
          "name": "VAE",
          "type": "VAE",
          "links": [
            8
          ],
          "slot_index": 2
        }
      ],
      "properties": {
        "Node name for S&R": "CheckpointLoaderSimple"
      },
      "widgets_values": [
        "Counterfeit-V3.0_fp16.safetensors"
      ]
    },
    {
      "id": 11,
      "type": "LoadImage",
      "pos": [
        30,
        491
      ],
      "size": {
        "0": 366.6781005859375,
        "1": 583.0964965820312
      },
      "flags": {},
      "order": 1,
      "mode": 0,
      "outputs": [
        {
          "name": "IMAGE",
          "type": "IMAGE",
          "links": [
            76
          ],
          "shape": 3,
          "slot_index": 0
        },
        {
          "name": "MASK",
          "type": "MASK",
          "links": null,
          "shape": 3
        }
      ],
      "properties": {
        "Node name for S&R": "LoadImage"
      },
      "widgets_values": [
        "segsegs (1).png",
        "image"
      ]
    },
    {
      "id": 13,
      "type": "CLIPVisionLoader",
      "pos": [
        31,
        358
      ],
      "size": {
        "0": 315,
        "1": 58
      },
      "flags": {},
      "order": 2,
      "mode": 0,
      "outputs": [
        {
          "name": "CLIP_VISION",
          "type": "CLIP_VISION",
          "links": [
            74
          ],
          "shape": 3,
          "slot_index": 0
        }
      ],
      "properties": {
        "Node name for S&R": "CLIPVisionLoader"
      },
      "widgets_values": [
        "pytorch_model.fp16.bin"
      ]
    },
    {
      "id": 33,
      "type": "IPAdapter",
      "pos": [
        446,
        483
      ],
      "size": [
        415.49357104492185,
        170.70820529174807
      ],
      "flags": {},
      "order": 6,
      "mode": 0,
      "inputs": [
        {
          "name": "model",
          "type": "MODEL",
          "link": 75
        },
        {
          "name": "image",
          "type": "IMAGE",
          "link": 76
        },
        {
          "name": "clip_vision",
          "type": "CLIP_VISION",
          "link": 74
        },
        {
          "name": "mask",
          "type": "MASK",
          "link": null
        }
      ],
      "outputs": [
        {
          "name": "MODEL",
          "type": "MODEL",
          "links": [
            78
          ],
          "shape": 3,
          "slot_index": 0
        },
        {
          "name": "CLIP_VISION_OUTPUT",
          "type": "CLIP_VISION_OUTPUT",
          "links": null,
          "shape": 3
        }
      ],
      "properties": {
        "Node name for S&R": "IPAdapter"
      },
      "widgets_values": [
        1,
        "ip-adapter-plus_sd15.bin",
        "fp16"
      ]
    },
    {
      "id": 5,
      "type": "EmptyLatentImage",
      "pos": [
        900,
        193
      ],
      "size": {
        "0": 315,
        "1": 106
      },
      "flags": {},
      "order": 3,
      "mode": 0,
      "outputs": [
        {
          "name": "LATENT",
          "type": "LATENT",
          "links": [
            2
          ],
          "slot_index": 0
        }
      ],
      "properties": {
        "Node name for S&R": "EmptyLatentImage"
      },
      "widgets_values": [
        640,
        896,
        1
      ]
    },
    {
      "id": 9,
      "type": "SaveImage",
      "pos": [
        1263,
        295
      ],
      "size": [
        686.0428685974125,
        987.6802014801028
      ],
      "flags": {},
      "order": 9,
      "mode": 0,
      "inputs": [
        {
          "name": "images",
          "type": "IMAGE",
          "link": 9
        }
      ],
      "properties": {},
      "widgets_values": [
        "ComfyUI"
      ]
    },
    {
      "id": 3,
      "type": "KSampler",
      "pos": [
        897,
        353
      ],
      "size": {
        "0": 310.4039306640625,
        "1": 474
      },
      "flags": {},
      "order": 7,
      "mode": 0,
      "inputs": [
        {
          "name": "model",
          "type": "MODEL",
          "link": 78
        },
        {
          "name": "positive",
          "type": "CONDITIONING",
          "link": 4
        },
        {
          "name": "negative",
          "type": "CONDITIONING",
          "link": 6
        },
        {
          "name": "latent_image",
          "type": "LATENT",
          "link": 2
        }
      ],
      "outputs": [
        {
          "name": "LATENT",
          "type": "LATENT",
          "links": [
            7
          ],
          "slot_index": 0
        }
      ],
      "properties": {
        "Node name for S&R": "KSampler"
      },
      "widgets_values": [
        4624,
        "increment",
        30,
        7,
        "euler",
        "normal",
        1
      ]
    }
  ],
  "links": [
    [
      2,
      5,
      0,
      3,
      3,
      "LATENT"
    ],
    [
      3,
      4,
      1,
      6,
      0,
      "CLIP"
    ],
    [
      4,
      6,
      0,
      3,
      1,
      "CONDITIONING"
    ],
    [
      5,
      4,
      1,
      7,
      0,
      "CLIP"
    ],
    [
      6,
      7,
      0,
      3,
      2,
      "CONDITIONING"
    ],
    [
      7,
      3,
      0,
      8,
      0,
      "LATENT"
    ],
    [
      8,
      4,
      2,
      8,
      1,
      "VAE"
    ],
    [
      9,
      8,
      0,
      9,
      0,
      "IMAGE"
    ],
    [
      74,
      13,
      0,
      33,
      2,
      "CLIP_VISION"
    ],
    [
      75,
      4,
      0,
      33,
      0,
      "MODEL"
    ],
    [
      76,
      11,
      0,
      33,
      1,
      "IMAGE"
    ],
    [
      78,
      33,
      0,
      3,
      0,
      "MODEL"
    ]
  ],
  "groups": [],
  "config": {},
  "extra": {},
  "version": 0.4
}